"discipline","all_articles","discipline_number","percentage_all"
"health_sciences",6642176,2790075,42.0054361703153
"life_sciences",6642176,1897983,28.5747170806675
"multidisciplinary",6642176,477734,7.192432118631
"physical_sciences",6642176,1274541,19.1886062639713
"social_sciences_and_humanities",6642176,136514,2.05526020388499
NA,6642176,65329,0.98354816252987
