"article_year","article_number","all_articles","percentage"
"2016",469254,6642176,7.06476311377476
"2017",505035,6642176,7.60345705985508
"2018",549713,6642176,8.27609807388422
"2019",605078,6642176,9.10963515570801
"2020",746074,6642176,11.2323732463578
"2021",846288,6642176,12.7411257997379
"2022",883752,6642176,13.3051578277962
"2023",829421,6642176,12.4871879335928
"2024",869851,6642176,13.0958740027365
"2025",337710,6642176,5.08432778655669
