"is_mega","n","mean_acc_delay","median_acc_delay","mean_pub_delay","median_pub_delay","2_months_acc","6_months_acc","1_year_acc","2_months_pub","6_months_pub","1_year_pub"
FALSE,6157841,115.549267511129,92,26.2839501701976,15,31.0694121527334,82.2934369367445,97.641803352831,90.6017709778476,98.7884227605097,99.7590714018111
TRUE,484335,157.867793985568,135,24.4715971383443,19,8.13548473680407,69.7572960863865,96.1623669567551,94.4858414114198,99.7002075010065,99.9733655424448
