"discipline","n","mean_acc_delay","median_acc_delay","mean_pub_delay","median_pub_delay","2_months_acc","6_months_acc","1_year_acc","2_months_pub","6_months_pub","1_year_pub"
"health_sciences",2733453,115.723318820554,98,27.3711869199872,19,27.5143197999014,81.8569040696877,98.683569829077,88.9779337709483,100,100
"life_sciences",1892110,109.604413062665,92,20.6917340957978,13,29.8690350983822,84.3899139056397,98.9113212233961,93.5789145451374,100,100
"multidisciplinary",464736,154.895508417682,138,23.4520846243889,18,7.63056875301246,69.1349497349033,97.5956241823315,94.511292432693,100,100
"physical_sciences",1269887,92.8200643049342,69,13.1625538335301,6,44.3319759947145,87.8120651680031,98.9572300527527,97.2145553108269,100,100
"social_sciences_and_humanities",131005,158.602946452425,140,25.4561047288271,20,13.0094271211022,65.2715545208198,96.2444181519789,93.322392275104,100,100
