"open_access","n","mean_acc_delay","median_acc_delay","mean_pub_delay","median_pub_delay","2_months_acc","6_months_acc","1_year_acc","2_months_pub","6_months_pub","1_year_pub"
FALSE,3394048,127.525052975091,106,27.1850436411035,15,21.7071178722281,79.7079180966209,97.3217821315432,89.6462572126263,98.9007816035601,99.7901915352994
TRUE,3248128,109.345679726907,83,25.072132009576,15,37.4325765487074,83.125818933244,97.7555995330233,92.179372241488,98.8069743556904,99.7585070539092
