"is_covid","n","mean_acc_delay","median_acc_delay","mean_pub_delay","median_pub_delay","2_months_acc","6_months_acc","1_year_acc","2_months_pub","6_months_pub","1_year_pub"
FALSE,6359363,113.489216451396,95,22.4480459756739,15,29.494054671828,82.4433044630413,98.6731532702253,92.3057230732072,100,100
TRUE,194450,102.289832861918,79,20.8838981743379,14,38.7549498585755,84.4355875546413,98.7081511956801,93.7073797891489,100,100
