"discipline","n","mean_acc_delay","median_acc_delay","mean_pub_delay","median_pub_delay","2_months_acc","6_months_acc","1_year_acc","2_months_pub","6_months_pub","1_year_pub"
"health_sciences",2790075,121.006399469548,99,33.3293183874986,19,27.1666532261678,80.7382238828705,97.5874483660834,86.7073107353745,98.0970762434702,99.6224832665789
"life_sciences",1897983,114.035420232953,93,23.0258474390972,14,29.5967350603246,83.4436346374019,97.9825952076494,92.6031476572762,99.2950411041616,99.8850358512168
"multidisciplinary",477734,163.012992585832,140,25.8776055294369,18,7.4648235210389,67.7092273105954,95.6900702064329,93.5859704354306,99.3636626239707,99.8214487560023
"physical_sciences",1274541,97.4668245274181,69,14.1428608416677,6,44.0486418247824,86.9180355908519,97.9860200652627,96.8407450211488,99.7617181400991,99.9504919810347
"social_sciences_and_humanities",136514,174.495092078468,145,28.8495099403724,21,12.5115372782279,62.6690302826084,92.6190720365677,91.7832603249484,98.9803243623365,99.8102758691416
