"variable","min","q1","mean","median","sd","q3","max","iqr"
"h_index",0,89,174.488733730827,140,127.945802883577,229,1442,140
"rank",1,2503,5409.23886017972,4976,3881.35719874203,7157,31097,4654
"sjr",0.104,0.771,1.37435731146995,0.983,1.6609152314678,1.462,145.004,0.691
"npi_level_24",0,1,1.13785202456805,1,0.407126953725475,1,2,0
