"variable","min","q1","mean","median","sd","q3","max","iqr"
"h_index",0,90,175.144717201402,142,125.93369270451,229,1442,139
"rank",1,2503,5349.65576253915,4928,3816.44509604558,7092,31097,4589
"sjr",0.104,0.773,1.37293141511081,0.988,1.62997275543803,1.462,145.004,0.689
"npi_level_24",0,1,1.14049645054128,1,0.405394864650385,1,2,0
